{
  "effects": {
    "wizards:frozen": {
      "attributes": [
        {
          "attribute": "minecraft:generic.movement_speed",
          "value": -10.0,
          "operation": "ADD_MULTIPLIED_BASE"
        },
        {
          "attribute": "minecraft:generic.jump_strength",
          "value": -10.0,
          "operation": "ADD_MULTIPLIED_BASE"
        }
      ]
    },
    "wizards:frost_shield": {
      "attributes": [
        {
          "attribute": "minecraft:generic.movement_speed",
          "value": -0.5,
          "operation": "ADD_MULTIPLIED_BASE"
        }
      ]
    },
    "wizards:frost_slowness": {
      "attributes": [
        {
          "attribute": "minecraft:generic.movement_speed",
          "value": -0.15,
          "operation": "ADD_MULTIPLIED_BASE"
        }
      ]
    },
    "wizards:arcane_charge": {
      "attributes": [
        {
          "attribute": "spell_power:arcane",
          "value": 0.15,
          "operation": "ADD_MULTIPLIED_BASE"
        }
      ]
    }
  }
}