{
  "items": {
    "additional_rpg_jewelry:netherite_rage_necklace": {
      "attributes": [
        {
          "id": "generic.attack_damage",
          "value": 0.05,
          "operation": "ADD_MULTIPLIED_BASE"
        },
        {
          "id": "more_rpg_classes:rage_modifier",
          "value": 0.08,
          "operation": "ADD_MULTIPLIED_BASE"
        }
      ]
    },
    "additional_rpg_jewelry:netherite_rage_ring": {
      "attributes": [
        {
          "id": "generic.attack_damage",
          "value": 0.05,
          "operation": "ADD_MULTIPLIED_BASE"
        },
        {
          "id": "more_rpg_classes:rage_modifier",
          "value": 0.08,
          "operation": "ADD_MULTIPLIED_BASE"
        }
      ]
    },
    "additional_rpg_jewelry:unique_ocean_ring": {
      "attributes": [
        {
          "id": "spell_power:water",
          "value": 0.08,
          "operation": "ADD_MULTIPLIED_BASE"
        },
        {
          "id": "spell_power:critical_damage",
          "value": 0.1,
          "operation": "ADD_MULTIPLIED_BASE"
        },
        {
          "id": "spell_power:haste",
          "value": 0.03,
          "operation": "ADD_MULTIPLIED_BASE"
        }
      ]
    },
    "additional_rpg_jewelry:unique_rage_necklace": {
      "attributes": [
        {
          "id": "generic.attack_damage",
          "value": 0.1,
          "operation": "ADD_MULTIPLIED_BASE"
        },
        {
          "id": "more_rpg_classes:rage_modifier",
          "value": 0.1,
          "operation": "ADD_MULTIPLIED_BASE"
        }
      ]
    },
    "additional_rpg_jewelry:vampire_necklace": {
      "attributes": [
        {
          "id": "generic.attack_damage",
          "value": 0.12,
          "operation": "ADD_MULTIPLIED_BASE"
        },
        {
          "id": "more_rpg_classes:lifesteal_modifier",
          "value": 0.05,
          "operation": "ADD_MULTIPLIED_BASE"
        }
      ]
    },
    "additional_rpg_jewelry:rage_necklace": {
      "attributes": [
        {
          "id": "more_rpg_classes:rage_modifier",
          "value": 0.04,
          "operation": "ADD_MULTIPLIED_BASE"
        },
        {
          "id": "generic.attack_damage",
          "value": 0.02,
          "operation": "ADD_MULTIPLIED_BASE"
        }
      ]
    },
    "additional_rpg_jewelry:unique_sky_necklace": {
      "attributes": [
        {
          "id": "spell_power:air",
          "value": 0.08,
          "operation": "ADD_MULTIPLIED_BASE"
        },
        {
          "id": "spell_power:critical_chance",
          "value": 0.03,
          "operation": "ADD_MULTIPLIED_BASE"
        },
        {
          "id": "spell_power:haste",
          "value": 0.03,
          "operation": "ADD_MULTIPLIED_BASE"
        }
      ]
    },
    "additional_rpg_jewelry:spell_vampire_necklace": {
      "attributes": [
        {
          "id": "spell_power:generic",
          "value": 0.08,
          "operation": "ADD_MULTIPLIED_BASE"
        },
        {
          "id": "more_rpg_classes:spell_vampire",
          "value": 0.05,
          "operation": "ADD_MULTIPLIED_BASE"
        }
      ]
    },
    "additional_rpg_jewelry:netherite_aquamarine_necklace": {
      "attributes": [
        {
          "id": "spell_power:air",
          "value": 0.08,
          "operation": "ADD_MULTIPLIED_BASE"
        },
        {
          "id": "spell_power:water",
          "value": 0.08,
          "operation": "ADD_MULTIPLIED_BASE"
        }
      ]
    },
    "additional_rpg_jewelry:rage_ring": {
      "attributes": [
        {
          "id": "more_rpg_classes:rage_modifier",
          "value": 0.04,
          "operation": "ADD_MULTIPLIED_BASE"
        },
        {
          "id": "generic.attack_damage",
          "value": 0.02,
          "operation": "ADD_MULTIPLIED_BASE"
        }
      ]
    },
    "additional_rpg_jewelry:dripstone_necklace": {
      "attributes": [
        {
          "id": "generic.max_health",
          "value": 2.0,
          "operation": "ADD_VALUE"
        },
        {
          "id": "more_rpg_classes:damage_reflect_modifier",
          "value": 0.1,
          "operation": "ADD_MULTIPLIED_BASE"
        }
      ]
    },
    "additional_rpg_jewelry:unique_earth_ring": {
      "attributes": [
        {
          "id": "spell_power:earth",
          "value": 0.08,
          "operation": "ADD_MULTIPLIED_BASE"
        },
        {
          "id": "spell_power:critical_chance",
          "value": 0.03,
          "operation": "ADD_MULTIPLIED_BASE"
        },
        {
          "id": "spell_power:critical_damage",
          "value": 0.1,
          "operation": "ADD_MULTIPLIED_BASE"
        }
      ]
    },
    "additional_rpg_jewelry:unique_sky_ring": {
      "attributes": [
        {
          "id": "spell_power:air",
          "value": 0.08,
          "operation": "ADD_MULTIPLIED_BASE"
        },
        {
          "id": "spell_power:critical_chance",
          "value": 0.03,
          "operation": "ADD_MULTIPLIED_BASE"
        },
        {
          "id": "spell_power:haste",
          "value": 0.03,
          "operation": "ADD_MULTIPLIED_BASE"
        }
      ]
    },
    "additional_rpg_jewelry:spell_vampire_ring": {
      "attributes": [
        {
          "id": "spell_power:generic",
          "value": 0.08,
          "operation": "ADD_MULTIPLIED_BASE"
        },
        {
          "id": "more_rpg_classes:spell_vampire",
          "value": 0.05,
          "operation": "ADD_MULTIPLIED_BASE"
        }
      ]
    },
    "additional_rpg_jewelry:malachite_necklace": {
      "attributes": [
        {
          "id": "spell_power:earth",
          "value": 0.04,
          "operation": "ADD_MULTIPLIED_BASE"
        },
        {
          "id": "spell_power:nature",
          "value": 0.04,
          "operation": "ADD_MULTIPLIED_BASE"
        }
      ]
    },
    "additional_rpg_jewelry:netherite_malachite_necklace": {
      "attributes": [
        {
          "id": "spell_power:earth",
          "value": 0.08,
          "operation": "ADD_MULTIPLIED_BASE"
        },
        {
          "id": "spell_power:nature",
          "value": 0.08,
          "operation": "ADD_MULTIPLIED_BASE"
        }
      ]
    },
    "additional_rpg_jewelry:netherite_aquamarine_ring": {
      "attributes": [
        {
          "id": "spell_power:air",
          "value": 0.08,
          "operation": "ADD_MULTIPLIED_BASE"
        },
        {
          "id": "spell_power:water",
          "value": 0.08,
          "operation": "ADD_MULTIPLIED_BASE"
        }
      ]
    },
    "additional_rpg_jewelry:unique_rage_ring": {
      "attributes": [
        {
          "id": "generic.attack_damage",
          "value": 0.1,
          "operation": "ADD_MULTIPLIED_BASE"
        },
        {
          "id": "more_rpg_classes:rage_modifier",
          "value": 0.1,
          "operation": "ADD_MULTIPLIED_BASE"
        }
      ]
    },
    "additional_rpg_jewelry:aquamarine_ring": {
      "attributes": [
        {
          "id": "spell_power:air",
          "value": 0.04,
          "operation": "ADD_MULTIPLIED_BASE"
        },
        {
          "id": "spell_power:water",
          "value": 0.04,
          "operation": "ADD_MULTIPLIED_BASE"
        }
      ]
    },
    "additional_rpg_jewelry:cactea_ring": {
      "attributes": [
        {
          "id": "generic.max_health",
          "value": 2.0,
          "operation": "ADD_VALUE"
        },
        {
          "id": "more_rpg_classes:damage_reflect_modifier",
          "value": 0.1,
          "operation": "ADD_MULTIPLIED_BASE"
        }
      ]
    },
    "additional_rpg_jewelry:unique_earth_necklace": {
      "attributes": [
        {
          "id": "spell_power:earth",
          "value": 0.08,
          "operation": "ADD_MULTIPLIED_BASE"
        },
        {
          "id": "spell_power:critical_chance",
          "value": 0.03,
          "operation": "ADD_MULTIPLIED_BASE"
        },
        {
          "id": "spell_power:critical_damage",
          "value": 0.1,
          "operation": "ADD_MULTIPLIED_BASE"
        }
      ]
    },
    "additional_rpg_jewelry:aquamarine_necklace": {
      "attributes": [
        {
          "id": "spell_power:air",
          "value": 0.04,
          "operation": "ADD_MULTIPLIED_BASE"
        },
        {
          "id": "spell_power:water",
          "value": 0.04,
          "operation": "ADD_MULTIPLIED_BASE"
        }
      ]
    },
    "additional_rpg_jewelry:netherite_malachite_ring": {
      "attributes": [
        {
          "id": "spell_power:earth",
          "value": 0.08,
          "operation": "ADD_MULTIPLIED_BASE"
        },
        {
          "id": "spell_power:nature",
          "value": 0.08,
          "operation": "ADD_MULTIPLIED_BASE"
        }
      ]
    },
    "additional_rpg_jewelry:unique_ocean_necklace": {
      "attributes": [
        {
          "id": "spell_power:water",
          "value": 0.08,
          "operation": "ADD_MULTIPLIED_BASE"
        },
        {
          "id": "spell_power:critical_damage",
          "value": 0.1,
          "operation": "ADD_MULTIPLIED_BASE"
        },
        {
          "id": "spell_power:haste",
          "value": 0.03,
          "operation": "ADD_MULTIPLIED_BASE"
        }
      ]
    },
    "additional_rpg_jewelry:malachite_ring": {
      "attributes": [
        {
          "id": "spell_power:earth",
          "value": 0.04,
          "operation": "ADD_MULTIPLIED_BASE"
        },
        {
          "id": "spell_power:nature",
          "value": 0.04,
          "operation": "ADD_MULTIPLIED_BASE"
        }
      ]
    },
    "additional_rpg_jewelry:vampire_ring": {
      "attributes": [
        {
          "id": "generic.attack_damage",
          "value": 0.12,
          "operation": "ADD_MULTIPLIED_BASE"
        },
        {
          "id": "more_rpg_classes:lifesteal_modifier",
          "value": 0.05,
          "operation": "ADD_MULTIPLIED_BASE"
        }
      ]
    }
  }
}