[
  {"version":2},
  {"ingredient":{"id":"minecraft:oak_fence_gate"},"type":"item_stack","bookmarkType":"INGREDIENT"},
  {"ingredient":{"id":"hybrid-aquatic:cepheidae_jellyfish_spawn_egg"},"type":"item_stack","bookmarkType":"INGREDIENT"},
  {"ingredient":{"id":"hybrid-aquatic:african_butterflyfish_spawn_egg"},"type":"item_stack","bookmarkType":"INGREDIENT"},
  {"ingredient":{"id":"minecraft:redstone"},"type":"item_stack","bookmarkType":"INGREDIENT"},
  {"ingredient":{"id":"smallships:cannon"},"type":"item_stack","bookmarkType":"INGREDIENT"},
  {"ingredient":{"id":"minecraft:tropical_fish_bucket"},"type":"item_stack","bookmarkType":"INGREDIENT"},
  {"ingredient":{"id":"minecraft:light_blue_shulker_box"},"type":"item_stack","bookmarkType":"INGREDIENT"},
  {"ingredient":{"id":"minecraft:oak_planks"},"type":"item_stack","bookmarkType":"INGREDIENT"},
  {"ingredient":{"id":"minecraft:oak_trapdoor"},"type":"item_stack","bookmarkType":"INGREDIENT"},
  {"ingredient":{"id":"minecraft:zombie_spawn_egg"},"type":"item_stack","bookmarkType":"INGREDIENT"},
  {"ingredient":{"id":"minecraft:birch_log"},"type":"item_stack","bookmarkType":"INGREDIENT"},
  {"ingredient":{"id":"minecraft:oak_stairs"},"type":"item_stack","bookmarkType":"INGREDIENT"},
  {"ingredient":{"id":"minecraft:potion","components":{"minecraft:potion_contents":{"potion":"minecraft:night_vision"}}},"type":"item_stack","bookmarkType":"INGREDIENT"},
  {"ingredient":{"id":"minecraft:spruce_planks"},"type":"item_stack","bookmarkType":"INGREDIENT"},
  {"ingredient":{"id":"minecraft:tipped_arrow","components":{"minecraft:potion_contents":{"potion":"minecraft:long_water_breathing"}}},"type":"item_stack","bookmarkType":"INGREDIENT"},
  {"ingredient":{"id":"minecraft:oxidized_copper_bulb"},"type":"item_stack","bookmarkType":"INGREDIENT"},
  {"ingredient":{"id":"minecraft:bread"},"type":"item_stack","bookmarkType":"INGREDIENT"},
  {"ingredient":{"id":"minecraft:stripped_oak_log"},"type":"item_stack","bookmarkType":"INGREDIENT"},
  {"ingredient":{"id":"minecraft:spruce_button"},"type":"item_stack","bookmarkType":"INGREDIENT"},
  {"ingredient":{"id":"minecraft:spruce_fence"},"type":"item_stack","bookmarkType":"INGREDIENT"},
  {"ingredient":{"id":"minecraft:diamond_ore"},"type":"item_stack","bookmarkType":"INGREDIENT"},
  {"ingredient":{"id":"minecraft:stripped_spruce_log"},"type":"item_stack","bookmarkType":"INGREDIENT"},
  {"ingredient":{"id":"minecraft:obsidian"},"type":"item_stack","bookmarkType":"INGREDIENT"},
  {"ingredient":{"id":"hybrid-aquatic:decorator_crab_spawn_egg"},"type":"item_stack","bookmarkType":"INGREDIENT"},
  {"ingredient":{"id":"smallships:jungle_brigg"},"type":"item_stack","bookmarkType":"INGREDIENT"},
  {"ingredient":{"id":"smallships:dark_oak_brigg"},"type":"item_stack","bookmarkType":"INGREDIENT"},
  {"ingredient":{"id":"minecraft:birch_trapdoor"},"type":"item_stack","bookmarkType":"INGREDIENT"},
  {"ingredient":{"id":"artifacts:crystal_heart"},"type":"item_stack","bookmarkType":"INGREDIENT"}
]