{
  "effects": {
    "more_relics:lesser_rage_power": {
      "attributes": [
        {
          "attribute": "more_rpg_classes:rage_modifier",
          "value": 0.1,
          "operation": "ADD_MULTIPLIED_BASE"
        }
      ]
    },
    "more_relics:lesser_air_lightning": {
      "attributes": [
        {
          "attribute": "spell_power:air",
          "value": 0.15,
          "operation": "ADD_MULTIPLIED_BASE"
        },
        {
          "attribute": "spell_power:lightning",
          "value": 0.15,
          "operation": "ADD_MULTIPLIED_BASE"
        }
      ]
    },
    "more_relics:lesser_earth_fire": {
      "attributes": [
        {
          "attribute": "spell_power:earth",
          "value": 0.15,
          "operation": "ADD_MULTIPLIED_BASE"
        },
        {
          "attribute": "spell_power:fire",
          "value": 0.15,
          "operation": "ADD_MULTIPLIED_BASE"
        }
      ]
    },
    "more_relics:lesser_water_frost": {
      "attributes": [
        {
          "attribute": "spell_power:water",
          "value": 0.15,
          "operation": "ADD_MULTIPLIED_BASE"
        },
        {
          "attribute": "spell_power:frost",
          "value": 0.15,
          "operation": "ADD_MULTIPLIED_BASE"
        }
      ]
    },
    "more_relics:medium_air_power": {
      "attributes": [
        {
          "attribute": "spell_power:air",
          "value": 0.2,
          "operation": "ADD_MULTIPLIED_BASE"
        }
      ]
    },
    "more_relics:medium_earth_power": {
      "attributes": [
        {
          "attribute": "spell_power:earth",
          "value": 0.2,
          "operation": "ADD_MULTIPLIED_BASE"
        }
      ]
    },
    "more_relics:medium_water_power": {
      "attributes": [
        {
          "attribute": "spell_power:water",
          "value": 0.2,
          "operation": "ADD_MULTIPLIED_BASE"
        }
      ]
    },
    "more_relics:medium_rage_power": {
      "attributes": [
        {
          "attribute": "more_rpg_classes:rage_modifier",
          "value": 0.2,
          "operation": "ADD_MULTIPLIED_BASE"
        },
        {
          "attribute": "minecraft:generic.attack_speed",
          "value": 0.1,
          "operation": "ADD_MULTIPLIED_BASE"
        }
      ]
    },
    "more_relics:medium_lifesteal_power": {
      "attributes": [
        {
          "attribute": "more_rpg_classes:lifesteal_modifier",
          "value": 0.2,
          "operation": "ADD_MULTIPLIED_BASE"
        },
        {
          "attribute": "more_rpg_classes:spell_vampire",
          "value": 0.2,
          "operation": "ADD_MULTIPLIED_BASE"
        }
      ]
    },
    "more_relics:greater_rage_power": {
      "attributes": [
        {
          "attribute": "more_rpg_classes:rage_modifier",
          "value": 0.3,
          "operation": "ADD_MULTIPLIED_BASE"
        },
        {
          "attribute": "spell_engine:damage_taken",
          "value": -0.65,
          "operation": "ADD_MULTIPLIED_BASE"
        },
        {
          "attribute": "minecraft:generic.attack_speed",
          "value": 0.15,
          "operation": "ADD_MULTIPLIED_BASE"
        }
      ]
    },
    "more_relics:greater_frozen_heart": {
      "attributes": [
        {
          "attribute": "minecraft:generic.attack_speed",
          "value": -0.3,
          "operation": "ADD_MULTIPLIED_BASE"
        },
        {
          "attribute": "minecraft:generic.movement_speed",
          "value": -0.3,
          "operation": "ADD_MULTIPLIED_BASE"
        }
      ]
    },
    "more_relics:greater_liandrys_torment": {
      "attributes": [
        {
          "attribute": "spell_engine:damage_taken",
          "value": 0.05,
          "operation": "ADD_MULTIPLIED_BASE"
        }
      ]
    },
    "more_relics:greater_madreds_bloodrazor": {
      "attributes": [
        {
          "attribute": "minecraft:generic.attack_speed",
          "value": 0.15,
          "operation": "ADD_MULTIPLIED_BASE"
        }
      ]
    },
    "more_relics:greater_sunfire_cape": {
      "attributes": []
    },
    "more_relics:superior_zhonyas_hourglass": {
      "attributes": [
        {
          "attribute": "minecraft:generic.knockback_resistance",
          "value": 10.0,
          "operation": "ADD_VALUE"
        },
        {
          "attribute": "minecraft:generic.explosion_knockback_resistance",
          "value": 10.0,
          "operation": "ADD_VALUE"
        }
      ]
    },
    "more_relics:superior_mejais_soulstealer": {
      "attributes": [
        {
          "attribute": "spell_power:arcane",
          "value": 0.2,
          "operation": "ADD_MULTIPLIED_BASE"
        },
        {
          "attribute": "spell_power:fire",
          "value": 0.2,
          "operation": "ADD_MULTIPLIED_BASE"
        },
        {
          "attribute": "spell_power:frost",
          "value": 0.2,
          "operation": "ADD_MULTIPLIED_BASE"
        },
        {
          "attribute": "spell_power:lightning",
          "value": 0.2,
          "operation": "ADD_MULTIPLIED_BASE"
        },
        {
          "attribute": "spell_power:soul",
          "value": 0.2,
          "operation": "ADD_MULTIPLIED_BASE"
        },
        {
          "attribute": "spell_power:earth",
          "value": 0.2,
          "operation": "ADD_MULTIPLIED_BASE"
        },
        {
          "attribute": "spell_power:water",
          "value": 0.2,
          "operation": "ADD_MULTIPLIED_BASE"
        },
        {
          "attribute": "spell_power:air",
          "value": 0.2,
          "operation": "ADD_MULTIPLIED_BASE"
        },
        {
          "attribute": "spell_power:nature",
          "value": 0.2,
          "operation": "ADD_MULTIPLIED_BASE"
        }
      ]
    },
    "more_relics:superior_shurelyas_battlesong": {
      "attributes": [
        {
          "attribute": "minecraft:generic.movement_speed",
          "value": 0.75,
          "operation": "ADD_MULTIPLIED_BASE"
        }
      ]
    },
    "more_relics:superior_mikaels_blessing": {
      "attributes": []
    },
    "more_relics:superior_guardian_angel": {
      "attributes": [
        {
          "attribute": "minecraft:generic.knockback_resistance",
          "value": 10.0,
          "operation": "ADD_VALUE"
        },
        {
          "attribute": "minecraft:generic.explosion_knockback_resistance",
          "value": 10.0,
          "operation": "ADD_VALUE"
        }
      ]
    }
  }
}