[
  {"version":2},
  {"ingredient":{"id":"deeperdarker:angler_fish_spawn_egg"},"type":"item_stack","bookmarkType":"INGREDIENT"},
  {"ingredient":{"id":"minecraft:oak_fence_gate"},"type":"item_stack","bookmarkType":"INGREDIENT"},
  {"ingredient":{"id":"smallships:oak_galley"},"type":"item_stack","bookmarkType":"INGREDIENT"},
  {"ingredient":{"id":"minecraft:dark_oak_pressure_plate"},"type":"item_stack","bookmarkType":"INGREDIENT"},
  {"ingredient":{"id":"smallships:spruce_galley"},"type":"item_stack","bookmarkType":"INGREDIENT"},
  {"ingredient":{"id":"minecraft:spruce_planks"},"type":"item_stack","bookmarkType":"INGREDIENT"},
  {"ingredient":{"id":"smallships:birch_galley"},"type":"item_stack","bookmarkType":"INGREDIENT"},
  {"ingredient":{"id":"minecraft:potion","components":{"minecraft:potion_contents":{"potion":"minecraft:swiftness"}}},"type":"item_stack","bookmarkType":"INGREDIENT"}
]