{
  "cache": {
    "rpg_series:loot_tier/tier_1_accessories": [
      "additional_rpg_jewelry:cactea_ring",
      "additional_rpg_jewelry:dripstone_necklace",
      "jewelry:emerald_necklace",
      "jewelry:diamond_necklace"
    ],
    "rpg_series:archetype/healing_weapon": [
      "arsenal:unique_staff_heal_1",
      "arsenal:unique_staff_heal_2",
      "arsenal:unique_staff_heal_sw",
      "paladins:holy_staff",
      "paladins:diamond_holy_staff",
      "paladins:netherite_holy_staff",
      "paladins:acolyte_wand",
      "paladins:holy_wand",
      "paladins:diamond_holy_wand",
      "paladins:netherite_holy_wand"
    ],
    "rpg_series:loot_tier/tier_4_armors": [],
    "rpg_series:loot_tier/tier_3_armors": [
      "archers:netherite_ranger_armor_head",
      "archers:netherite_ranger_armor_chest",
      "archers:netherite_ranger_armor_legs",
      "archers:netherite_ranger_armor_feet",
      "paladins:netherite_crusader_armor_head",
      "paladins:netherite_crusader_armor_chest",
      "paladins:netherite_crusader_armor_legs",
      "paladins:netherite_crusader_armor_feet",
      "paladins:netherite_prior_robe_head",
      "paladins:netherite_prior_robe_chest",
      "paladins:netherite_prior_robe_legs",
      "paladins:netherite_prior_robe_feet",
      "rogues:netherite_assassin_armor_head",
      "rogues:netherite_assassin_armor_chest",
      "rogues:netherite_assassin_armor_legs",
      "rogues:netherite_assassin_armor_feet",
      "rogues:netherite_berserker_armor_head",
      "rogues:netherite_berserker_armor_chest",
      "rogues:netherite_berserker_armor_legs",
      "rogues:netherite_berserker_armor_feet",
      "wizards:netherite_arcane_robe_head",
      "wizards:netherite_arcane_robe_chest",
      "wizards:netherite_arcane_robe_legs",
      "wizards:netherite_arcane_robe_feet",
      "wizards:netherite_fire_robe_head",
      "wizards:netherite_fire_robe_chest",
      "wizards:netherite_fire_robe_legs",
      "wizards:netherite_fire_robe_feet",
      "wizards:netherite_frost_robe_head",
      "wizards:netherite_frost_robe_chest",
      "wizards:netherite_frost_robe_legs",
      "wizards:netherite_frost_robe_feet"
    ],
    "rpg_series:loot_tier/tier_5_armors": [
      "armory_rpgs:epic_armor_upgrade",
      "armory_rpgs:conqueror_upgrade_crystal",
      "armory_rpgs:vanquisher_upgrade_crystal",
      "armory_rpgs:redeemer_upgrade_crystal",
      "armory_rpgs:champion_upgrade_crystal"
    ],
    "rpg_series:loot_tier/tier_0_accessories": [
      "jewelry:copper_ring",
      "jewelry:iron_ring",
      "jewelry:gold_ring"
    ],
    "rpg_series:loot_tier/tier_1_armors": [
      "archers:archer_armor_head",
      "archers:archer_armor_chest",
      "archers:archer_armor_legs",
      "archers:archer_armor_feet",
      "paladins:paladin_armor_head",
      "paladins:paladin_armor_chest",
      "paladins:paladin_armor_legs",
      "paladins:paladin_armor_feet",
      "paladins:priest_robe_head",
      "paladins:priest_robe_chest",
      "paladins:priest_robe_legs",
      "paladins:priest_robe_feet",
      "rogues:rogue_armor_head",
      "rogues:rogue_armor_chest",
      "rogues:rogue_armor_legs",
      "rogues:rogue_armor_feet",
      "rogues:warrior_armor_head",
      "rogues:warrior_armor_chest",
      "rogues:warrior_armor_legs",
      "rogues:warrior_armor_feet",
      "wizards:wizard_robe_head",
      "wizards:wizard_robe_chest",
      "wizards:wizard_robe_legs",
      "wizards:wizard_robe_feet"
    ],
    "rpg_series:loot_tier/tier_1_weapons": [
      "archers:iron_spear",
      "archers:composite_longbow",
      "paladins:iron_claymore",
      "paladins:iron_great_hammer",
      "paladins:iron_mace",
      "paladins:holy_wand",
      "paladins:holy_staff",
      "paladins:iron_kite_shield",
      "rogues:iron_dagger",
      "rogues:iron_sickle",
      "rogues:iron_double_axe",
      "rogues:iron_glaive",
      "wizards:staff_wizard"
    ],
    "rpg_series:archetype/ranged_damage_weapon": [
      "archers:mechanic_shortbow",
      "archers:netherite_shortbow",
      "archers:composite_longbow",
      "archers:royal_longbow",
      "archers:netherite_longbow",
      "arsenal:unique_longbow_1",
      "arsenal:unique_longbow_2",
      "arsenal:unique_longbow_sw",
      "archers:rapid_crossbow",
      "archers:netherite_rapid_crossbow",
      "archers:heavy_crossbow",
      "archers:netherite_heavy_crossbow",
      "arsenal:unique_heavy_crossbow_1",
      "arsenal:unique_heavy_crossbow_2",
      "arsenal:unique_heavy_crossbow_sw"
    ],
    "rpg_series:loot_tier/tier_2_armors": [
      "archers:ranger_armor_head",
      "archers:ranger_armor_chest",
      "archers:ranger_armor_legs",
      "archers:ranger_armor_feet",
      "paladins:crusader_armor_head",
      "paladins:crusader_armor_chest",
      "paladins:crusader_armor_legs",
      "paladins:crusader_armor_feet",
      "paladins:prior_robe_head",
      "paladins:prior_robe_chest",
      "paladins:prior_robe_legs",
      "paladins:prior_robe_feet",
      "rogues:assassin_armor_head",
      "rogues:assassin_armor_chest",
      "rogues:assassin_armor_legs",
      "rogues:assassin_armor_feet",
      "rogues:berserker_armor_head",
      "rogues:berserker_armor_chest",
      "rogues:berserker_armor_legs",
      "rogues:berserker_armor_feet",
      "wizards:arcane_robe_head",
      "wizards:arcane_robe_chest",
      "wizards:arcane_robe_legs",
      "wizards:arcane_robe_feet",
      "wizards:fire_robe_head",
      "wizards:fire_robe_chest",
      "wizards:fire_robe_legs",
      "wizards:fire_robe_feet",
      "wizards:frost_robe_head",
      "wizards:frost_robe_chest",
      "wizards:frost_robe_legs",
      "wizards:frost_robe_feet"
    ],
    "rpg_series:loot_tier/tier_0_weapons": [
      "archers:flint_spear",
      "paladins:stone_claymore",
      "paladins:wooden_great_hammer",
      "paladins:stone_great_hammer",
      "paladins:acolyte_wand",
      "rogues:flint_dagger",
      "rogues:stone_double_axe",
      "wizards:wand_novice"
    ],
    "rpg_series:archetype/defense_weapon": [
      "arsenal:unique_shield_1",
      "arsenal:unique_shield_2",
      "arsenal:unique_shield_sw",
      "paladins:iron_kite_shield",
      "paladins:golden_kite_shield",
      "paladins:diamond_kite_shield",
      "paladins:netherite_kite_shield"
    ],
    "rpg_series:loot_tier/tier_2_accessories": [
      "additional_rpg_jewelry:malachite_ring",
      "additional_rpg_jewelry:malachite_necklace",
      "additional_rpg_jewelry:aquamarine_ring",
      "additional_rpg_jewelry:aquamarine_necklace",
      "additional_rpg_jewelry:rage_ring",
      "additional_rpg_jewelry:rage_necklace",
      "extraspellattributes:defiancering",
      "extraspellattributes:arcanebracer",
      "extraspellattributes:goldquartzamulet",
      "extraspellattributes:goldquartzring",
      "extraspellattributes:martialbracer",
      "extraspellattributes:nonbelieversamulet",
      "extraspellattributes:turtlegirdle",
      "jewelry:ruby_ring",
      "jewelry:topaz_ring",
      "jewelry:citrine_ring",
      "jewelry:jade_ring",
      "jewelry:sapphire_ring",
      "jewelry:tanzanite_ring",
      "jewelry:ruby_necklace",
      "jewelry:topaz_necklace",
      "jewelry:citrine_necklace",
      "jewelry:jade_necklace",
      "jewelry:sapphire_necklace",
      "jewelry:tanzanite_necklace"
    ],
    "rpg_series:loot_tier/tier_4_accessories": [
      "additional_rpg_jewelry:unique_earth_ring",
      "additional_rpg_jewelry:unique_earth_necklace",
      "additional_rpg_jewelry:unique_ocean_ring",
      "additional_rpg_jewelry:unique_ocean_necklace",
      "additional_rpg_jewelry:unique_rage_ring",
      "additional_rpg_jewelry:unique_rage_necklace",
      "additional_rpg_jewelry:unique_sky_ring",
      "additional_rpg_jewelry:unique_sky_necklace",
      "additional_rpg_jewelry:vampire_ring",
      "additional_rpg_jewelry:vampire_necklace",
      "additional_rpg_jewelry:spell_vampire_ring",
      "additional_rpg_jewelry:spell_vampire_necklace",
      "jewelry:unique_attack_ring",
      "jewelry:unique_attack_necklace",
      "jewelry:unique_dex_ring",
      "jewelry:unique_dex_necklace",
      "jewelry:unique_tank_ring",
      "jewelry:unique_tank_necklace",
      "jewelry:unique_archer_ring",
      "jewelry:unique_archer_necklace",
      "jewelry:unique_arcane_ring",
      "jewelry:unique_arcane_necklace",
      "jewelry:unique_fire_ring",
      "jewelry:unique_fire_necklace",
      "jewelry:unique_frost_ring",
      "jewelry:unique_frost_necklace",
      "jewelry:unique_healing_ring",
      "jewelry:unique_healing_necklace",
      "jewelry:unique_spell_ring",
      "jewelry:unique_spell_necklace"
    ],
    "rpg_series:loot_tier/tier_3_accessories": [
      "additional_rpg_jewelry:netherite_malachite_ring",
      "additional_rpg_jewelry:netherite_malachite_necklace",
      "additional_rpg_jewelry:netherite_aquamarine_ring",
      "additional_rpg_jewelry:netherite_aquamarine_necklace",
      "additional_rpg_jewelry:netherite_rage_ring",
      "additional_rpg_jewelry:netherite_rage_necklace",
      "extraspellattributes:netheritediamondring",
      "extraspellattributes:netheritediamondamulet",
      "extraspellattributes:undyingsoul",
      "jewelry:netherite_ruby_ring",
      "jewelry:netherite_topaz_ring",
      "jewelry:netherite_citrine_ring",
      "jewelry:netherite_jade_ring",
      "jewelry:netherite_sapphire_ring",
      "jewelry:netherite_tanzanite_ring",
      "jewelry:netherite_ruby_necklace",
      "jewelry:netherite_topaz_necklace",
      "jewelry:netherite_citrine_necklace",
      "jewelry:netherite_jade_necklace",
      "jewelry:netherite_sapphire_necklace",
      "jewelry:netherite_tanzanite_necklace"
    ],
    "rpg_series:archetype/melee_damage_weapon": [
      "arsenal:unique_claymore_1",
      "arsenal:unique_claymore_2",
      "arsenal:unique_claymore_sw",
      "paladins:stone_claymore",
      "paladins:iron_claymore",
      "paladins:golden_claymore",
      "paladins:diamond_claymore",
      "paladins:netherite_claymore",
      "arsenal:unique_mace_1",
      "arsenal:unique_mace_2",
      "arsenal:unique_mace_sw",
      "paladins:iron_mace",
      "paladins:golden_mace",
      "paladins:diamond_mace",
      "paladins:netherite_mace",
      "arsenal:unique_hammer_1",
      "arsenal:unique_hammer_2",
      "arsenal:unique_hammer_sw",
      "paladins:wooden_great_hammer",
      "paladins:stone_great_hammer",
      "paladins:iron_great_hammer",
      "paladins:golden_great_hammer",
      "paladins:diamond_great_hammer",
      "paladins:netherite_great_hammer",
      "archers:flint_spear",
      "archers:iron_spear",
      "archers:golden_spear",
      "archers:diamond_spear",
      "archers:netherite_spear",
      "arsenal:unique_spear_1",
      "arsenal:unique_spear_2",
      "arsenal:unique_spear_sw",
      "arsenal:unique_dagger_1",
      "arsenal:unique_dagger_2",
      "arsenal:unique_dagger_sw",
      "rogues:flint_dagger",
      "rogues:iron_dagger",
      "rogues:golden_dagger",
      "rogues:diamond_dagger",
      "rogues:netherite_dagger",
      "arsenal:unique_sickle_1",
      "arsenal:unique_sickle_2",
      "arsenal:unique_sickle_sw",
      "rogues:iron_sickle",
      "rogues:golden_sickle",
      "rogues:diamond_sickle",
      "rogues:netherite_sickle",
      "arsenal:unique_double_axe_1",
      "arsenal:unique_double_axe_2",
      "arsenal:unique_double_axe_sw",
      "rogues:stone_double_axe",
      "rogues:iron_double_axe",
      "rogues:golden_double_axe",
      "rogues:diamond_double_axe",
      "rogues:netherite_double_axe",
      "arsenal:unique_glaive_1",
      "arsenal:unique_glaive_2",
      "arsenal:unique_glaive_sw",
      "rogues:iron_glaive",
      "rogues:golden_glaive",
      "rogues:diamond_glaive",
      "rogues:netherite_glaive"
    ],
    "rpg_series:archetype/magic_damage_weapon": [
      "arsenal:unique_staff_damage_1",
      "arsenal:unique_staff_damage_2",
      "arsenal:unique_staff_damage_3",
      "arsenal:unique_staff_damage_4",
      "arsenal:unique_staff_damage_5",
      "arsenal:unique_staff_damage_6",
      "arsenal:unique_staff_damage_sw",
      "wizards:staff_wizard",
      "wizards:staff_arcane",
      "wizards:staff_fire",
      "wizards:staff_frost",
      "wizards:staff_netherite_arcane",
      "wizards:staff_netherite_fire",
      "wizards:staff_netherite_frost",
      "wizards:wand_novice",
      "wizards:wand_arcane",
      "wizards:wand_fire",
      "wizards:wand_frost",
      "wizards:wand_netherite_arcane",
      "wizards:wand_netherite_fire",
      "wizards:wand_netherite_frost"
    ],
    "rpg_series:loot_theme/aether": [],
    "rpg_series:loot_theme/dragon": [
      "relics_rpgs:greater_perk_heal_danger",
      "relics_rpgs:greater_proc_spell_trance",
      "relics_rpgs:greater_proc_physical_trance",
      "relics_rpgs:greater_proc_defense_danger"
    ],
    "rpg_series:loot_tier/tier_1_relics": [
      "more_relics:jewel_figurine_air",
      "more_relics:jewel_figurine_water",
      "more_relics:jewel_figurine_rage",
      "more_relics:lesser_proc_air_lightning",
      "more_relics:lesser_use_rage",
      "more_relics:jewel_figurine_earth",
      "more_relics:lesser_proc_water_frost",
      "more_relics:lesser_proc_earth_fire",
      "relics_rpgs:jewel_figurine_sapphire",
      "relics_rpgs:jewel_figurine_tanzanite",
      "relics_rpgs:jewel_figurine_citrine",
      "relics_rpgs:lesser_evasion",
      "relics_rpgs:jewel_figurine_topaz",
      "relics_rpgs:lesser_proc_spell_crit",
      "relics_rpgs:lesser_proc_arcane_fire",
      "relics_rpgs:jewel_figurine_ruby",
      "relics_rpgs:lesser_use_dex",
      "relics_rpgs:lesser_use_spell_haste",
      "relics_rpgs:lesser_use_damage",
      "relics_rpgs:lesser_use_spell_power",
      "relics_rpgs:lesser_proc_crit_damage",
      "relics_rpgs:lesser_proc_frost_healing",
      "relics_rpgs:lesser_roll",
      "relics_rpgs:jewel_figurine_jade",
      "relics_rpgs:lesser_use_ranged",
      "relics_rpgs:lesser_use_health"
    ],
    "rpg_series:loot_tier/tier_2_weapons": [
      "archers:diamond_spear",
      "archers:royal_longbow",
      "archers:heavy_crossbow",
      "archers:mechanic_shortbow",
      "archers:rapid_crossbow",
      "paladins:diamond_claymore",
      "paladins:diamond_great_hammer",
      "paladins:diamond_mace",
      "paladins:diamond_holy_wand",
      "paladins:diamond_holy_staff",
      "paladins:diamond_kite_shield",
      "rogues:diamond_dagger",
      "rogues:diamond_sickle",
      "rogues:diamond_double_axe",
      "rogues:diamond_glaive",
      "wizards:wand_arcane",
      "wizards:wand_fire",
      "wizards:wand_frost",
      "wizards:staff_arcane",
      "wizards:staff_fire",
      "wizards:staff_frost"
    ],
    "rpg_series:loot_tier/tier_3_weapons": [
      "archers:netherite_spear",
      "archers:netherite_rapid_crossbow",
      "archers:netherite_heavy_crossbow",
      "archers:netherite_shortbow",
      "archers:netherite_longbow",
      "paladins:netherite_claymore",
      "paladins:netherite_great_hammer",
      "paladins:netherite_mace",
      "paladins:netherite_holy_wand",
      "paladins:netherite_holy_staff",
      "paladins:netherite_kite_shield",
      "rogues:netherite_dagger",
      "rogues:netherite_sickle",
      "rogues:netherite_double_axe",
      "rogues:netherite_glaive",
      "wizards:wand_netherite_arcane",
      "wizards:wand_netherite_fire",
      "wizards:wand_netherite_frost",
      "wizards:staff_netherite_arcane",
      "wizards:staff_netherite_fire",
      "wizards:staff_netherite_frost"
    ],
    "rpg_series:loot_tier/tier_4_weapons": [],
    "rpg_series:loot_theme/golden_weapon": [
      "archers:golden_spear",
      "paladins:golden_claymore",
      "paladins:golden_great_hammer",
      "paladins:golden_mace",
      "paladins:golden_kite_shield",
      "rogues:golden_dagger",
      "rogues:golden_sickle",
      "rogues:golden_double_axe",
      "rogues:golden_glaive"
    ],
    "rpg_series:loot_tier/tier_3_relics": [
      "more_relics:greater_madreds_bloodrazor",
      "more_relics:greater_frozen_heart",
      "more_relics:greater_liandrys_torment",
      "more_relics:greater_proc_rage",
      "more_relics:greater_kircheis_shard",
      "more_relics:greater_sunfire_cape",
      "relics_rpgs:greater_perk_defense_block",
      "relics_rpgs:greater_healing_taken",
      "relics_rpgs:greater_perk_melee_stun",
      "relics_rpgs:greater_perk_heal_cleanse",
      "relics_rpgs:greater_perk_roll_damage",
      "relics_rpgs:greater_perk_heal_danger",
      "relics_rpgs:greater_perk_shield_reset",
      "relics_rpgs:greater_perk_spell_stun",
      "relics_rpgs:greater_proc_spell_trance",
      "relics_rpgs:greater_proc_physical_trance",
      "relics_rpgs:greater_perk_evasion_attack",
      "relics_rpgs:greater_proc_defense_danger",
      "relics_rpgs:greater_perk_ranged_levitate"
    ],
    "rpg_series:loot_tier/tier_5_weapons": [
      "arsenal:unique_claymore_1",
      "arsenal:unique_claymore_2",
      "arsenal:unique_claymore_sw",
      "arsenal:unique_staff_damage_1",
      "arsenal:unique_staff_damage_2",
      "arsenal:unique_staff_damage_3",
      "arsenal:unique_staff_damage_4",
      "arsenal:unique_staff_damage_5",
      "arsenal:unique_staff_damage_6",
      "arsenal:unique_staff_damage_sw",
      "arsenal:unique_staff_heal_1",
      "arsenal:unique_staff_heal_2",
      "arsenal:unique_staff_heal_sw",
      "arsenal:unique_spear_1",
      "arsenal:unique_spear_2",
      "arsenal:unique_spear_sw",
      "arsenal:unique_dagger_1",
      "arsenal:unique_dagger_2",
      "arsenal:unique_dagger_sw",
      "arsenal:unique_sickle_1",
      "arsenal:unique_sickle_2",
      "arsenal:unique_sickle_sw",
      "arsenal:unique_longsword_sw",
      "arsenal:unique_double_axe_1",
      "arsenal:unique_double_axe_2",
      "arsenal:unique_double_axe_sw",
      "arsenal:unique_glaive_1",
      "arsenal:unique_glaive_2",
      "arsenal:unique_glaive_sw",
      "arsenal:unique_hammer_1",
      "arsenal:unique_hammer_2",
      "arsenal:unique_hammer_sw",
      "arsenal:unique_mace_1",
      "arsenal:unique_mace_2",
      "arsenal:unique_mace_sw",
      "arsenal:unique_longbow_sw",
      "arsenal:unique_longbow_2",
      "arsenal:unique_longbow_1",
      "arsenal:unique_heavy_crossbow_2",
      "arsenal:unique_heavy_crossbow_1",
      "arsenal:unique_heavy_crossbow_sw",
      "arsenal:unique_shield_2",
      "arsenal:unique_shield_sw",
      "arsenal:unique_shield_1"
    ],
    "rpg_series:loot_tier/tier_2_relics": [
      "more_relics:medium_use_water_power",
      "more_relics:medium_use_air_power",
      "more_relics:medium_use_earth_power",
      "more_relics:medium_proc_lifesteal",
      "more_relics:medium_proc_rage",
      "relics_rpgs:medium_proc_spell_haste",
      "relics_rpgs:medium_proc_spell_power",
      "relics_rpgs:medium_proc_defense",
      "relics_rpgs:medium_proc_attack_damage",
      "relics_rpgs:medium_proc_evasion",
      "relics_rpgs:medium_proc_frost_power",
      "relics_rpgs:medium_proc_ranged_damage",
      "relics_rpgs:medium_proc_healing_power",
      "relics_rpgs:medium_proc_arcane_power",
      "relics_rpgs:medium_proc_attack_speed",
      "relics_rpgs:medium_proc_fire_power"
    ],
    "rpg_series:loot_tier/tier_4_relics": [
      "more_relics:superior_mikaels_blessing",
      "more_relics:superior_zhonyas_hourglass",
      "more_relics:superior_mejais_soulstealer",
      "more_relics:superior_shurelyas_battlesong",
      "more_relics:superior_guardian_angel",
      "relics_rpgs:superior_use_zone_healing_taken",
      "relics_rpgs:superior_use_area_attack_damage",
      "relics_rpgs:superior_use_area_defense_health",
      "relics_rpgs:superior_use_zone_spell_power"
    ]
  }
}