{
  "entries": {
    "relics_rpgs:jewel_figurine_ruby": {
      "enabled": true,
      "durability": 0,
      "attributes": [
        {
          "attribute": "minecraft:generic.attack_damage",
          "value": 0.05,
          "operation": "ADD_MULTIPLIED_BASE"
        }
      ]
    },
    "relics_rpgs:jewel_figurine_topaz": {
      "enabled": true,
      "durability": 0,
      "attributes": [
        {
          "attribute": "spell_power:arcane",
          "value": 0.05,
          "operation": "ADD_MULTIPLIED_BASE"
        },
        {
          "attribute": "spell_power:fire",
          "value": 0.05,
          "operation": "ADD_MULTIPLIED_BASE"
        }
      ]
    },
    "relics_rpgs:jewel_figurine_citrine": {
      "enabled": true,
      "durability": 0,
      "attributes": [
        {
          "attribute": "spell_power:healing",
          "value": 0.05,
          "operation": "ADD_MULTIPLIED_BASE"
        },
        {
          "attribute": "spell_power:lightning",
          "value": 0.05,
          "operation": "ADD_MULTIPLIED_BASE"
        }
      ]
    },
    "relics_rpgs:jewel_figurine_jade": {
      "enabled": true,
      "durability": 0,
      "attributes": [
        {
          "attribute": "ranged_weapon:damage",
          "value": 0.05,
          "operation": "ADD_MULTIPLIED_BASE"
        }
      ]
    },
    "relics_rpgs:jewel_figurine_sapphire": {
      "enabled": true,
      "durability": 0,
      "attributes": [
        {
          "attribute": "minecraft:generic.max_health",
          "value": 2.0,
          "operation": "ADD_VALUE"
        }
      ]
    },
    "relics_rpgs:jewel_figurine_tanzanite": {
      "enabled": true,
      "durability": 0,
      "attributes": [
        {
          "attribute": "spell_power:frost",
          "value": 0.05,
          "operation": "ADD_MULTIPLIED_BASE"
        },
        {
          "attribute": "spell_power:soul",
          "value": 0.05,
          "operation": "ADD_MULTIPLIED_BASE"
        }
      ]
    },
    "relics_rpgs:lesser_roll": {
      "enabled": true,
      "durability": 0,
      "attributes": [
        {
          "attribute": "combat_roll:count",
          "value": 1.0,
          "operation": "ADD_VALUE"
        }
      ]
    },
    "relics_rpgs:lesser_evasion": {
      "enabled": true,
      "durability": 0,
      "attributes": [
        {
          "attribute": "spell_engine:evasion_chance",
          "value": 0.03,
          "operation": "ADD_MULTIPLIED_BASE"
        }
      ]
    },
    "relics_rpgs:lesser_use_damage": {
      "enabled": true,
      "durability": 0,
      "attributes": []
    },
    "relics_rpgs:lesser_use_dex": {
      "enabled": true,
      "durability": 0,
      "attributes": []
    },
    "relics_rpgs:lesser_use_ranged": {
      "enabled": true,
      "durability": 0,
      "attributes": []
    },
    "relics_rpgs:lesser_use_health": {
      "enabled": true,
      "durability": 0,
      "attributes": []
    },
    "relics_rpgs:lesser_use_spell_power": {
      "enabled": true,
      "durability": 0,
      "attributes": []
    },
    "relics_rpgs:lesser_use_spell_haste": {
      "enabled": true,
      "durability": 0,
      "attributes": []
    },
    "relics_rpgs:lesser_proc_spell_crit": {
      "enabled": true,
      "durability": 0,
      "attributes": []
    },
    "relics_rpgs:lesser_proc_crit_damage": {
      "enabled": true,
      "durability": 0,
      "attributes": []
    },
    "relics_rpgs:lesser_proc_arcane_fire": {
      "enabled": true,
      "durability": 0,
      "attributes": []
    },
    "relics_rpgs:lesser_proc_frost_healing": {
      "enabled": true,
      "durability": 0,
      "attributes": []
    },
    "relics_rpgs:medium_proc_attack_damage": {
      "enabled": true,
      "durability": 0,
      "attributes": []
    },
    "relics_rpgs:medium_proc_attack_speed": {
      "enabled": true,
      "durability": 0,
      "attributes": []
    },
    "relics_rpgs:medium_proc_ranged_damage": {
      "enabled": true,
      "durability": 0,
      "attributes": []
    },
    "relics_rpgs:medium_proc_defense": {
      "enabled": true,
      "durability": 0,
      "attributes": []
    },
    "relics_rpgs:medium_proc_evasion": {
      "enabled": true,
      "durability": 0,
      "attributes": []
    },
    "relics_rpgs:medium_proc_spell_power": {
      "enabled": true,
      "durability": 0,
      "attributes": []
    },
    "relics_rpgs:medium_proc_spell_haste": {
      "enabled": true,
      "durability": 0,
      "attributes": []
    },
    "relics_rpgs:medium_proc_arcane_power": {
      "enabled": true,
      "durability": 0,
      "attributes": []
    },
    "relics_rpgs:medium_proc_fire_power": {
      "enabled": true,
      "durability": 0,
      "attributes": []
    },
    "relics_rpgs:medium_proc_frost_power": {
      "enabled": true,
      "durability": 0,
      "attributes": []
    },
    "relics_rpgs:medium_proc_healing_power": {
      "enabled": true,
      "durability": 0,
      "attributes": []
    },
    "relics_rpgs:greater_perk_roll_damage": {
      "enabled": true,
      "durability": 0,
      "attributes": []
    },
    "relics_rpgs:greater_healing_taken": {
      "enabled": true,
      "durability": 0,
      "attributes": [
        {
          "attribute": "spell_engine:healing_taken",
          "value": 0.1,
          "operation": "ADD_MULTIPLIED_BASE"
        }
      ]
    },
    "relics_rpgs:greater_perk_melee_stun": {
      "enabled": true,
      "durability": 0,
      "attributes": []
    },
    "relics_rpgs:greater_perk_ranged_levitate": {
      "enabled": true,
      "durability": 0,
      "attributes": []
    },
    "relics_rpgs:greater_perk_spell_stun": {
      "enabled": true,
      "durability": 0,
      "attributes": []
    },
    "relics_rpgs:greater_perk_defense_block": {
      "enabled": true,
      "durability": 0,
      "attributes": []
    },
    "relics_rpgs:greater_perk_evasion_attack": {
      "enabled": true,
      "durability": 0,
      "attributes": []
    },
    "relics_rpgs:greater_perk_shield_reset": {
      "enabled": true,
      "durability": 0,
      "attributes": []
    },
    "relics_rpgs:greater_perk_heal_cleanse": {
      "enabled": true,
      "durability": 0,
      "attributes": []
    },
    "relics_rpgs:greater_proc_physical_trance": {
      "enabled": true,
      "durability": 0,
      "attributes": []
    },
    "relics_rpgs:greater_proc_spell_trance": {
      "enabled": true,
      "durability": 0,
      "attributes": []
    },
    "relics_rpgs:greater_perk_heal_danger": {
      "enabled": true,
      "durability": 0,
      "attributes": []
    },
    "relics_rpgs:greater_proc_defense_danger": {
      "enabled": true,
      "durability": 0,
      "attributes": []
    },
    "relics_rpgs:superior_use_area_attack_damage": {
      "enabled": true,
      "durability": 0,
      "attributes": []
    },
    "relics_rpgs:superior_use_area_defense_health": {
      "enabled": true,
      "durability": 0,
      "attributes": []
    },
    "relics_rpgs:superior_use_zone_spell_power": {
      "enabled": true,
      "durability": 0,
      "attributes": []
    },
    "relics_rpgs:superior_use_zone_healing_taken": {
      "enabled": true,
      "durability": 0,
      "attributes": []
    }
  }
}