{
  "clientConfig": {
    "frostOverlayStart": 0.5,
    "doColdHeartOverlay": true,
    "renderDripParticles": true,
    "disableFrostOverlayWhenWearingFrostologyCloak": true,
    "shakeHandWhenShivering": true,
    "handShakeIntensity": 1.0,
    "disableHurtPolarBearSkin": false
  },
  "updateConfig": {
    "currentConfigVersion": 3,
    "enableConfigUpdates": true
  },
  "environmentConfig": {
    "maxTemperatureForColdC": 10.0,
    "degreesCPerTemperatureDecrease": 10.0,
    "environmentTemperatureMultiplier": 1.0,
    "applyEnvironmentPenaltyWhenWet": true,
    "rainWetnessIncrease": 1,
    "touchingWaterWetnessIncrease": 5,
    "onFireDryDate": 50,
    "onFireWarmRate": 50,
    "powderSnowFreezeRate": 30,
    "warmthPerLightLevel": 2,
    "minLightForWarmth": 5,
    "maxSnowAccumulationTicks": 100,
    "environmentFreezingSoakedMultiplier": 2.0
  },
  "combatConfig": {
    "doChillagerPatrols": true,
    "straysCarryFrostArrows": true,
    "maxFrostSpellDistance": 25.0,
    "frostWandCooldown": 120,
    "frostWandRootTime": 100,
    "frostologerHeatDrainPerTick": 30,
    "frostologerCoolingFromFrostWandHit": 1050,
    "packedSnowballFreezeAmount": 500,
    "packedSnowballDamage": 2.0,
    "packedSnowballVulnerableTypesDamage": 5.0,
    "biterFrostBiteMaxAmplifier": 2,
    "chillagerFireDamageMultiplier": 1.5,
    "frostologerFireDamageMultiplier": 2.0,
    "skateUpgradeTemplateIglooGenerateChance": 0.75,
    "iceBreakFallbackDamage": 3.0
  },
  "freezingConfig": {
    "doPassiveFreezing": true,
    "doWindSpawning": true,
    "windSpawnStrategy": "POINT",
    "spawnWindInAir": true,
    "windDestroysTorches": true,
    "doSnowPacking": true,
    "applyEnvironmentPenaltyWhenWet": true,
    "passiveFreezingTickInterval": 1,
    "windSpawnCapPerSecond": 15,
    "windSpawnRarity": 750,
    "windSpawnRarityThunder": 500,
    "maxPassiveFreezingPercent": 1.0,
    "soakPercentFromWaterPotion": 0.5,
    "sunLichenHeatPerLevel": 500,
    "sunLichenBurnTime": 60,
    "campfireWarmthSearchRadius": 10.0,
    "campfireWarmthTime": 1200,
    "freezingWindFrost": 160,
    "conduitPowerWarmthPerTick": 12,
    "heatFromHotFloor": 12,
    "shiverBelow": -0.51,
    "shiverWarmth": 1,
    "stopShiverWarmingBelowFoodLevel": 10,
    "warmFoodWarmthTime": 1200
  },
  "icicleConfig": {
    "iciclesFormInWeather": true,
    "becomeUnstableChance": 0.05,
    "growChance": 0.02,
    "growChanceDuringRain": 0.09,
    "growChanceDuringThunder": 0.15,
    "frostArrowFreezeAmount": 1000,
    "thrownIcicleFreezeAmount": 1500,
    "icicleCollisionFreezeAmount": 3000,
    "maxLightLevelToForm": 8,
    "minSkylightLevelToForm": 11,
    "thrownIcicleDamage": 1.0,
    "thrownIcicleExtraDamage": 3.0,
    "thrownIcicleCooldown": 10
  }
}