{
  "debug": {
    "report_unresolved_tables": true
  },
  "seed": {
    "randomize_seed": true
  },
  "conversion": {
    "max_entry_age": 18000,
    "disable": false,
    "convert_elytras": true,
    "convert_mineshafts": true,
    "world_border": false,
    "perform_piecewise_check": true
  },
  "breaking": {
    "disable_break": false,
    "enable_break": false,
    "enable_fake_player_break": false,
    "power_comparators": true,
    "blast_resistant": false,
    "blast_immune": false,
    "trapped_custom": false,
    "should_drop_player_loot": false
  },
  "lists": {
    "dimension_whitelist": [],
    "dimension_blacklist": [],
    "loot_table_blacklist": [],
    "loot_modid_blacklist": [],
    "modid_dimension_whitelist": [],
    "modid_dimension_blacklist": []
  },
  "decay": {
    "decay_value": 6000,
    "decay_all": false,
    "perform_tick_decay": true,
    "start_tick_decay": false,
    "decay_modids": [],
    "decay_loot_tables": [],
    "decay_dimensions": []
  },
  "refresh": {
    "refresh_value": 24000,
    "refresh_all": false,
    "perform_tick_refresh": true,
    "start_tick_refresh": true,
    "refresh_modids": [],
    "refresh_loot_tables": [],
    "refresh_dimensions": []
  },
  "notifications": {
    "notification_delay": 600,
    "disable_notifications": false,
    "disable_message_styles": false
  },
  "client": {
    "vanilla_textures": false,
    "new_textures": true
  }
}