{
  "effects": {
    "rogues:slice_and_dice": {
      "attributes": [
        {
          "attribute": "minecraft:generic.attack_damage",
          "value": 0.1,
          "operation": "ADD_MULTIPLIED_BASE"
        }
      ]
    },
    "rogues:shock": {
      "attributes": [
        {
          "attribute": "minecraft:generic.movement_speed",
          "value": -1.0,
          "operation": "ADD_MULTIPLIED_BASE"
        },
        {
          "attribute": "minecraft:generic.jump_strength",
          "value": -1.0,
          "operation": "ADD_MULTIPLIED_BASE"
        }
      ]
    },
    "rogues:shadow_step": {
      "attributes": []
    },
    "rogues:stealth": {
      "attributes": [
        {
          "attribute": "minecraft:generic.movement_speed",
          "value": -0.5,
          "operation": "ADD_MULTIPLIED_BASE"
        }
      ]
    },
    "rogues:stealth_speed": {
      "attributes": [
        {
          "attribute": "minecraft:generic.movement_speed",
          "value": 0.5,
          "operation": "ADD_MULTIPLIED_BASE"
        }
      ]
    },
    "rogues:shatter": {
      "attributes": [
        {
          "attribute": "minecraft:generic.armor",
          "value": -0.3,
          "operation": "ADD_MULTIPLIED_BASE"
        }
      ]
    },
    "rogues:demoralize": {
      "attributes": [
        {
          "attribute": "minecraft:generic.attack_damage",
          "value": -0.2,
          "operation": "ADD_MULTIPLIED_BASE"
        }
      ]
    },
    "rogues:charge": {
      "attributes": [
        {
          "attribute": "minecraft:generic.movement_speed",
          "value": 0.5,
          "operation": "ADD_MULTIPLIED_BASE"
        },
        {
          "attribute": "minecraft:generic.knockback_resistance",
          "value": 0.5,
          "operation": "ADD_MULTIPLIED_BASE"
        }
      ]
    }
  }
}