{
  "custom_spell_fixed_impact_knock_up": 0.75,
  "custom_spell_impact_knock_up_cap": 2.5,
  "custom_spell_impact_knock_up_base": 0.1,
  "custom_spell_impact_knock_up_multiplier": 0.05,
  "custom_spell_impact_trembling_range": 1.0,
  "custom_spell_impact_pull_to_caster_direct_speed": 1.5,
  "custom_spell_impact_pull_to_caster_slow_speed": 0.2,
  "custom_spell_impact_backward_dash_range": -1.25,
  "custom_spell_impact_backward_dash_height": 0.65,
  "custom_spell_impact_damage_to_missing_health_above_50": 0.25,
  "custom_spell_impact_damage_to_missing_health_under_50": 1.0,
  "custom_spell_impact_damage_to_missing_health_under_25": 1.75,
  "lifestealCooldownTicks": 20,
  "spellVampireCooldownTicks": 20
}